INSERT INTO
    AIRPORT_CODE(city, country, airport_code)
VALUES
('Dubai', 'UAE', 'DXB'),
('Dublin', 'Ireland', 'DUB'),
('Altenrhein', 'Switzerland', 'ACH'),
('Ahmedabad', 'India', 'AMD'),
('Cape Town', 'South Africa', 'CPT'),
('Beijing', 'China', 'BJS'),
('Bangkok', 'Thailand', 'BKK'),
('Bristol', 'England', 'BRS'),
('Brisbane', 'Australia', 'BNE'),
('London', 'England', 'LONDON');


INSERT INTO
    FLIGHT_NUMBER_INVENTORY(flight_number, airport_code, avaialable_date_from,avaialable_date_to)
VALUES
('EK724', 'DXB','2022-05-15','2022-06-15'),
('EK167', 'DUB','2022-05-15','2022-06-15'),
('EK201', 'ACH','2022-05-15','2022-06-15'),
('EK109', 'AMD','2022-05-15','2022-06-15'),
('EK310', 'CPT','2022-05-15','2022-06-15'),
('EK450', 'BNE','2022-05-15','2022-06-15'),
('EK728', 'BJS','2022-05-15','2022-06-15'),
('EK987', 'BRS','2022-05-15','2022-06-15'),
('EK134', 'BKK','2022-05-15','2022-06-15'),
('EK312', 'LONDON','2022-05-15','2022-06-15'),
('EK498', 'LONDON','2022-05-15','2022-06-15'),
('EK410', 'AMD','2022-05-15','2022-06-15'),
('EK184', 'DUB','2022-05-15','2022-06-15'),
('EK176', 'CPT','2022-05-15','2022-06-15'),
('EK106', 'BNE','2022-05-15','2022-06-15'),
('EK615', 'BJS','2022-05-15','2022-06-15'),
('EK108', 'BRS','2022-05-15','2022-06-15'),
('EK239', 'BKK','2022-05-15','2022-06-15')
;

INSERT INTO
    FLIGHT_TARIFF(flight_number, flight_tariff, effective_date_from,effective_date_to)
VALUES
('EK724', 750.00,'2022-05-15','2022-06-15'),
('EK167', 200.00,'2022-05-15','2022-06-15'),
('EK201', 300.00,'2022-05-15','2022-06-15'),
('EK109', 540.00,'2022-05-15','2022-06-15'),
('EK310', 139.00,'2022-05-15','2022-06-15'),
('EK450', 798.00,'2022-05-15','2022-06-15'),
('EK728', 309.00,'2022-05-15','2022-06-15'),
('EK987', 200.00,'2022-05-15','2022-06-15'),
('EK134', 690.00,'2022-05-15','2022-06-15'),
('EK312', 2901.00,'2022-05-15','2022-06-15'),
('EK498', 240.00,'2022-05-15','2022-06-15'),
('EK410', 200.00,'2022-05-15','2022-06-15'),
('EK184', 208.00,'2022-05-15','2022-06-15'),
('EK176', 290.00,'2022-05-15','2022-06-15'),
('EK106', 139.00,'2022-05-15','2022-06-15'),
('EK615', 1290.00,'2022-05-15','2022-06-15'),
('EK108', 2190.00,'2022-05-15','2022-06-15'),
('EK239', 139.00,'2022-05-15','2022-06-15')
;
